old_path,new_url,code,why
/ARES_Registration.pdf,/archive/gaps/,301,third-party: not ours to republish
/BandChart.pdf,/archive/gaps/,301,third-party: not ours to republish
/Carl_and_Jerry.pdf,/archive/gaps/,301,third-party: not ours to republish
/FD05.html,/events/field-day-2005/,301,page
/FD05_20m_dipole_on_tower.jpg,/wp-content/uploads/2026/09/fd05-20m-dipole-on-tower.jpg,301,file in the media library
/FD05_Butternut.jpg,/wp-content/uploads/2026/09/fd05-butternut.jpg,301,file in the media library
/FD05_Fred_Nadine_Nancy.jpg,/wp-content/uploads/2026/09/fd05-fred-nadine-nancy.jpg,301,file in the media library
/FD05_Little_Jeffrey.jpg,/wp-content/uploads/2026/09/fd05-little-jeffrey.jpg,301,file in the media library
/FD05_MAARS_sign.jpg,/wp-content/uploads/2026/09/fd05-maars-sign.jpg,301,file in the media library
/FD05_dipole.jpg,/wp-content/uploads/2026/09/fd05-dipole.jpg,301,file in the media library
/FD05_group.jpg,/wp-content/uploads/2026/09/fd05-group.jpg,301,file in the media library
/FD05_radio.jpg,/wp-content/uploads/2026/09/fd05-radio.jpg,301,file in the media library
/FD05_title_photo.jpg,/wp-content/uploads/2026/09/fd05-title-photo.jpg,301,file in the media library
/FD05_tower01.jpg,/wp-content/uploads/2026/09/fd05-tower01.jpg,301,file in the media library
/FD05_tower2.jpg,/wp-content/uploads/2026/09/fd05-tower2.jpg,301,file in the media library
/FD05_tower4.jpg,/wp-content/uploads/2026/09/fd05-tower4.jpg,301,file in the media library
/FD15.html,/events/field-day-2015/,301,page
/FD15_Major_Johnson.jpg,/wp-content/uploads/2026/09/fd15-major-johnson.jpg,301,file in the media library
/FD18.html,/events/field-day-2018/,301,page
/FD18_Results.pdf,/wp-content/uploads/2026/09/fd18-results.pdf,301,file in the media library
/FD18_antennas_1.jpg,/wp-content/uploads/2026/09/fd18-antennas-1-scaled.jpg,301,file in the media library
/FD18_antennas_2.jpg,/wp-content/uploads/2026/09/fd18-antennas-2-scaled.jpg,301,file in the media library
/FD18_gallery.jpg,/wp-content/uploads/2026/09/fd18-gallery.jpg,301,file in the media library
/FD18_operators_1.jpg,/wp-content/uploads/2026/09/fd18-operators-1-scaled.jpg,301,file in the media library
/FD18_operators_2.jpg,/wp-content/uploads/2026/09/fd18-operators-2-scaled.jpg,301,file in the media library
/FD18_tower.jpg,/wp-content/uploads/2026/09/fd18-tower-scaled.jpg,301,file in the media library
/FD19_video.mp4,/archive/gaps/,301,"video, not hosted here"
/FD97-1.html,/events/field-day-1997/,301,page
/FD97-2.html,/events/field-day-1997/,301,page
/FD97-3.html,/events/field-day-1997/,301,page
/FD97-4.html,/events/field-day-1997/,301,page
/FD97-5.html,/events/field-day-1997/,301,page
/FD97-6.html,/events/field-day-1997/,301,page
/FD97-7.html,/events/field-day-1997/,301,page
/FD97-8.html,/events/field-day-1997/,301,page
/FD97.html,/events/field-day-1997/,301,page
/FD97_FrancisChadop.jpg,/wp-content/uploads/2026/09/fd97-francischadop.jpg,301,file in the media library
/FD97_Fredop.jpg,/wp-content/uploads/2026/09/fd97-fredop.jpg,301,file in the media library
/FD97_John-Lenore-Henry.jpg,/wp-content/uploads/2026/09/fd97-john-lenore-henry.jpg,301,file in the media library
/FD97_Johntower.jpg,/wp-content/uploads/2026/09/fd97-johntower.jpg,301,file in the media library
/FD97_banner.jpg,/wp-content/uploads/2026/09/fd97-banner.jpg,301,file in the media library
/FD97_beamwrestling.jpg,/wp-content/uploads/2026/09/fd97-beamwrestling.jpg,301,file in the media library
/FD97_intheshade.jpg,/wp-content/uploads/2026/09/fd97-intheshade.jpg,301,file in the media library
/FD97_laptop.jpg,/wp-content/uploads/2026/09/fd97-laptop.jpg,301,file in the media library
/FD98.html,/events/field-day-1998/,301,page
/FD98_Bike.jpg,/wp-content/uploads/2026/09/fd98-bike.jpg,301,file in the media library
/FD98_Chuck.jpg,/wp-content/uploads/2026/09/fd98-chuck.jpg,301,file in the media library
/FD98_Daniel.jpg,/wp-content/uploads/2026/09/fd98-daniel.jpg,301,file in the media library
/FD98_Kermit.jpg,/wp-content/uploads/2026/09/fd98-kermit.jpg,301,file in the media library
/FD98_LittleJeff.jpg,/wp-content/uploads/2026/09/fd98-littlejeff.jpg,301,file in the media library
/FD98_Mike.jpg,/wp-content/uploads/2026/09/fd98-mike.jpg,301,file in the media library
/FD98_Nancy.jpg,/wp-content/uploads/2026/09/fd98-nancy.jpg,301,file in the media library
/FD98_Norm.jpg,/wp-content/uploads/2026/09/fd98-norm.jpg,301,file in the media library
/FD98_Site.jpg,/wp-content/uploads/2026/09/fd98-site.jpg,301,file in the media library
/FDpulsarani.gif,,410,1997 site furniture
/Field_Day_Video_2016.mp4,/archive/gaps/,301,"video, not hosted here"
/Francis_2007_1.jpg,/wp-content/uploads/2026/09/francis-2007-1.jpg,301,file in the media library
/Francis_2007_2.jpg,/wp-content/uploads/2026/09/francis-2007-2.jpg,301,file in the media library
/Glen_Rubash-thank-you-card.pdf,/wp-content/uploads/2026/09/memorial-glen-rubash-thank-you-card.pdf,301,file in the media library
/HF_Tuning.pdf,/archive/gaps/,301,third-party: not ours to republish
/Ham_for_Breakfast.png,/archive/gaps/,301,not carried over
/Harvard_on_learning_code_1943.pdf,/archive/gaps/,301,third-party: not ours to republish
/KC2G_MUF_What_Is_It.pdf,/archive/gaps/,301,third-party: not ours to republish
/Kansas_RACES_draft_1-2016.pdf,/archive/gaps/,301,third-party: not ours to republish
/Kids_Day_1-2007.pdf,/wp-content/uploads/2026/09/events-kids-day-2007-01.pdf,301,file in the media library
/MAARS_HAM_OF_THE_YEAR.pdf,/wp-content/uploads/2026/09/award-member-of-the-year-guidelines.pdf,301,file in the media library
/MAARS_application.pdf,/wp-content/uploads/2026/09/maars-application.pdf,301,file in the media library
/MAARS_application_23-24.pdf,/wp-content/uploads/2026/09/maars-application-23-24.pdf,301,file in the media library
/Morse_code_Speed_vs._Proficiency.pdf,/archive/gaps/,301,third-party: not ours to republish
/Myron_VHF_suitcase.rtf,/wp-content/uploads/2026/09/article-myron-vhf-grab-n-go-suitcase.rtf,301,file in the media library
/Ninja.jpg,/archive/gaps/,301,not carried over
/Public_Service_9-9-17.doc,/wp-content/uploads/2026/09/events-public-service-2017-09-09.docx,301,file in the media library
/Winter-Field-Day-Flier.pdf,/wp-content/uploads/2026/09/events-winter-field-day-2024-flier.pdf,301,file in the media library
/Winter-Field-Day-Location-Map.pdf,/wp-content/uploads/2026/09/events-winter-field-day-2024-map.pdf,301,file in the media library
/Winter-Field-Day-Rules.pdf,/archive/gaps/,301,third-party: not ours to republish
/Year-End-Report-2018.pdf,/archive/2018/year-end-report-2018/,301,archive record
/Year-End-Report-2019.pdf,/archive/2019/year-end-report-2019/,301,archive record
/Year-End-Report-2020.pdf,/archive/2020/year-end-report-2020/,301,archive record
/Year-End-Report-2021.pdf,/archive/2021/year-end-report-2021/,301,archive record
/Year-End-Report-2022.pdf,/archive/2022/year-end-report-2022/,301,archive record
/Year-End-Report-2023.pdf,/archive/2023/year-end-report-2023/,301,archive record
/acrobat.gif,,410,1997 site furniture
/after_action.jpg,/wp-content/uploads/2026/09/after-action.jpg,301,file in the media library
/after_action_6-2017.pdf,/archive/gaps/,301,third-party: not ours to republish
/blueline_6px.gif,,410,1997 site furniture
/constitution.pdf,/wp-content/uploads/2026/09/constitution.pdf,301,file in the media library
/download_repeaters_2m_1-07-23.csv.zip,/wp-content/uploads/2026/09/repeaters-kansas-2m-2023-01-07.csv.zip,301,file in the media library
/download_repeaters_70cm_1-08-23.csv.zip,/wp-content/uploads/2026/09/repeaters-kansas-70cm-2023-01-08.csv.zip,301,file in the media library
/downloads.html,/downloads/,301,page
/dues.pdf,/wp-content/uploads/2026/09/dues.pdf,301,file in the media library
/e-mail.png,,410,1997 site furniture
/email.gif,,410,1997 site furniture
/events.css,,410,1997 site furniture
/events.html,/events/,301,page
/events_1951_flood.pdf,/archive/gaps/,301,third-party: not ours to republish
/events_1951_flood_response.pdf,/archive/gaps/,301,third-party: not ours to republish
/events_CASA_Zollman_5-10-14.jpg,/wp-content/uploads/2026/09/events-casa-zollman-5-10-14.jpg,301,file in the media library
/events_Kansas_History_2003.pdf,/archive/gaps/,301,third-party: not ours to republish
/events_fox_hunt_4-28-19.pdf,/wp-content/uploads/2026/09/events-fox-hunt-4-28-19.pdf,301,file in the media library
/events_party_1-10-14_1.jpg,/wp-content/uploads/2026/09/events-party-1-10-14-1.jpg,301,file in the media library
/events_party_1-10-14_2.jpg,/wp-content/uploads/2026/09/events-party-1-10-14-2.jpg,301,file in the media library
/favicon.ico,,410,1997 site furniture
/file_emergency_plan.rtf,/archive/gaps/,301,not carried over
/goback.gif,,410,1997 site furniture
/home.gif,,410,1997 site furniture
/horserace.html,/events/endurance-horse-race/,301,page
/horserace.jpg,/wp-content/uploads/2026/09/horserace.jpg,301,file in the media library
/index.htm,/,301,the front page
/index.html,/,301,the front page
/ionosphere.jpg,/archive/gaps/,301,not carried over
/ionosphere_diagram.jpg,/archive/gaps/,301,not carried over
/lefthand.gif,,410,1997 site furniture
/links-maars.html,/links/,301,page
/links_arrlwww.jpg,/archive/gaps/,301,not carried over
/maarsbumpersticker.jpg,/wp-content/uploads/2026/09/maarsbumpersticker.jpg,301,file in the media library
/maarslogo111.gif,,410,1997 site furniture
/mac-blk.gif,,410,1997 site furniture
/maroon_line.gif,,410,1997 site furniture
/meeting-agenda.pdf,/wp-content/uploads/2026/09/meeting-agenda.pdf,301,file in the media library
/members.css,,410,1997 site furniture
/members.html,/members/,301,page
/news40wpm.jpg,,410,1997 site furniture
/newsart.jpg,,410,1997 site furniture
/newscollage.gif,,410,1997 site furniture
/newscollage2015.jpg,/archive/gaps/,301,not carried over
/newseditor.gif,,410,1997 site furniture
/newsfrancis.gif,,410,1997 site furniture
/newsletter_01-00.html,/archive/2000/newsletter-january-2000/,301,archive record
/newsletter_01-01.html,/archive/2001/newsletter-january-2001/,301,archive record
/newsletter_01-02.html,/archive/2002/newsletter-january-2002/,301,archive record
/newsletter_01-03.html,/archive/2003/newsletter-january-2003/,301,archive record
/newsletter_01-04.html,/archive/2004/newsletter-january-2004/,301,archive record
/newsletter_01-05.html,/archive/2005/newsletter-january-2005/,301,archive record
/newsletter_01-06.html,/archive/2006/newsletter-january-2006/,301,archive record
/newsletter_01-07.html,/archive/2007/newsletter-january-2007/,301,archive record
/newsletter_01-08.html,/archive/2008/newsletter-january-2008/,301,archive record
/newsletter_01-09.html,/archive/2009/newsletter-january-2009/,301,archive record
/newsletter_01-15.html,/archive/2015/meeting-minutes-january-2015/,301,archive record
/newsletter_01-16.pdf,/wp-content/uploads/2026/09/newsletter-01-16.pdf,301,file in the media library
/newsletter_01-17.pdf,/archive/2017/meeting-minutes-january-2017/,301,archive record
/newsletter_01-18.pdf,/archive/2018/meeting-minutes-january-2018/,301,archive record
/newsletter_01-19.pdf,/archive/2019/newsletter-january-2019/,301,archive record
/newsletter_01-21.pdf,/archive/2021/meeting-minutes-january-2021/,301,archive record
/newsletter_01-22.pdf,/archive/2022/meeting-minutes-january-2022/,301,archive record
/newsletter_01-23.docx,/archive/2023/meeting-minutes-january-2023/,301,archive record
/newsletter_01-24.pdf,/archive/2024/meeting-minutes-january-2024/,301,archive record
/newsletter_01-99.html,/archive/1999/newsletter-january-1999/,301,archive record
/newsletter_02-00.html,/archive/2000/newsletter-february-2000/,301,archive record
/newsletter_02-01.html,/archive/2001/newsletter-february-2001/,301,archive record
/newsletter_02-02.html,/archive/2002/newsletter-february-2002/,301,archive record
/newsletter_02-03.html,/archive/2003/newsletter-february-2003/,301,archive record
/newsletter_02-04.html,/archive/2004/newsletter-february-2004/,301,archive record
/newsletter_02-06.html,/archive/2006/newsletter-february-2006/,301,archive record
/newsletter_02-07.html,/archive/2007/newsletter-february-2007/,301,archive record
/newsletter_02-08.html,/archive/2008/newsletter-february-2008/,301,archive record
/newsletter_02-09.html,/archive/2009/newsletter-february-2009/,301,archive record
/newsletter_02-10.pdf,/wp-content/uploads/2026/09/newsletter-02-10.pdf,301,file in the media library
/newsletter_02-14.pdf,/wp-content/uploads/2026/09/newsletter-02-14.pdf,301,file in the media library
/newsletter_02-15.html,/archive/2015/meeting-minutes-february-2015/,301,archive record
/newsletter_02-17.pdf,/archive/2017/meeting-minutes-february-2017/,301,archive record
/newsletter_02-18.pdf,/archive/2018/meeting-minutes-february-2018/,301,archive record
/newsletter_02-19.pdf,/archive/2019/meeting-minutes-february-2019/,301,archive record
/newsletter_02-20.pdf,/archive/2020/meeting-minutes-february-2020/,301,archive record
/newsletter_02-21.pdf,/archive/2021/meeting-minutes-february-2021/,301,archive record
/newsletter_02-23.pdf,/archive/2023/meeting-minutes-february-2023/,301,archive record
/newsletter_02-99.html,/archive/1999/newsletter-february-1999/,301,archive record
/newsletter_03-00.html,/archive/2000/newsletter-march-2000/,301,archive record
/newsletter_03-01.html,/archive/2001/newsletter-march-2001/,301,archive record
/newsletter_03-02.html,/archive/2002/newsletter-march-2002/,301,archive record
/newsletter_03-03.html,/archive/2003/newsletter-march-2003/,301,archive record
/newsletter_03-04.html,/archive/2004/newsletter-march-2004/,301,archive record
/newsletter_03-05.html,/archive/2005/newsletter-march-2005/,301,archive record
/newsletter_03-06.html,/archive/2006/newsletter-march-2006/,301,archive record
/newsletter_03-07.html,/archive/2007/newsletter-march-2007/,301,archive record
/newsletter_03-08.html,/archive/2008/newsletter-march-2008/,301,archive record
/newsletter_03-09.html,/archive/2009/newsletter-march-2009/,301,archive record
/newsletter_03-10.html,/archive/2010/newsletter-march-2010/,301,archive record
/newsletter_03-15.html,/archive/2015/meeting-minutes-march-2015/,301,archive record
/newsletter_03-17.pdf,/archive/2017/meeting-minutes-march-2017/,301,archive record
/newsletter_03-18.pdf,/archive/2018/meeting-minutes-march-2018/,301,archive record
/newsletter_03-19.pdf,/archive/2019/meeting-minutes-march-2019/,301,archive record
/newsletter_03-20.pdf,/archive/2020/meeting-minutes-march-2020/,301,archive record
/newsletter_03-22.pdf,/archive/2022/meeting-minutes-march-2022/,301,archive record
/newsletter_03-23.pdf,/archive/2023/meeting-minutes-march-2023/,301,archive record
/newsletter_03-99.html,/archive/1999/newsletter-march-1999/,301,archive record
/newsletter_04-00.html,/archive/2000/newsletter-april-2000/,301,archive record
/newsletter_04-01.html,/archive/2001/newsletter-april-2001/,301,archive record
/newsletter_04-02.html,/archive/2002/newsletter-april-2002/,301,archive record
/newsletter_04-03.html,/archive/2003/newsletter-april-2003/,301,archive record
/newsletter_04-04.html,/archive/2004/newsletter-april-2004/,301,archive record
/newsletter_04-05.html,/archive/2005/newsletter-april-2005/,301,archive record
/newsletter_04-06.html,/archive/2006/newsletter-april-2006/,301,archive record
/newsletter_04-07.html,/archive/2007/newsletter-april-2007/,301,archive record
/newsletter_04-08.html,/archive/2008/newsletter-april-2008/,301,archive record
/newsletter_04-09.html,/archive/2009/newsletter-april-2009/,301,archive record
/newsletter_04-11.html,/archive/2011/newsletter-april-2011/,301,archive record
/newsletter_04-16.pdf,/wp-content/uploads/2026/09/newsletter-04-16.pdf,301,file in the media library
/newsletter_04-17.pdf,/archive/2017/meeting-minutes-april-2017/,301,archive record
/newsletter_04-18.pdf,/archive/2018/meeting-minutes-april-2018/,301,archive record
/newsletter_04-19.pdf,/archive/2019/meeting-minutes-april-2019/,301,archive record
/newsletter_04-20.pdf,/wp-content/uploads/2026/09/newsletter-04-20.pdf,301,file in the media library
/newsletter_04-21.pdf,/archive/2021/meeting-minutes-april-2021/,301,archive record
/newsletter_04-22.pdf,/archive/2022/meeting-minutes-april-2022/,301,archive record
/newsletter_04-23.pdf,/archive/2023/meeting-minutes-april-2023/,301,archive record
/newsletter_04-98.html,/archive/1998/newsletter-april-1998/,301,archive record
/newsletter_04-99.html,/archive/1999/newsletter-april-1999/,301,archive record
/newsletter_05-00.html,/archive/2000/newsletter-may-2000/,301,archive record
/newsletter_05-01.html,/archive/2001/newsletter-may-2001/,301,archive record
/newsletter_05-02.html,/archive/2002/newsletter-may-2002/,301,archive record
/newsletter_05-03.html,/archive/2003/newsletter-may-2003/,301,archive record
/newsletter_05-04.html,/archive/2004/newsletter-may-2004/,301,archive record
/newsletter_05-05.html,/archive/2005/newsletter-may-2005/,301,archive record
/newsletter_05-06.html,/archive/2006/newsletter-may-2006/,301,archive record
/newsletter_05-08.html,/archive/2008/newsletter-may-2008/,301,archive record
/newsletter_05-09.html,/archive/2009/newsletter-may-2009/,301,archive record
/newsletter_05-10.pdf,/wp-content/uploads/2026/09/newsletter-05-10.pdf,301,file in the media library
/newsletter_05-15.html,/archive/2015/meeting-minutes-may-2015/,301,archive record
/newsletter_05-17.pdf,/archive/2017/meeting-minutes-may-2017/,301,archive record
/newsletter_05-18.pdf,/archive/2018/meeting-minutes-may-2018/,301,archive record
/newsletter_05-19.pdf,/archive/2019/meeting-minutes-may-2019/,301,archive record
/newsletter_05-22.pdf,/archive/2022/meeting-minutes-may-2022/,301,archive record
/newsletter_05-23.pdf,/wp-content/uploads/2026/09/newsletter-05-23.pdf,301,file in the media library
/newsletter_05-98.html,/archive/1998/newsletter-may-1998/,301,archive record
/newsletter_05-99.html,/archive/1999/newsletter-may-1999/,301,archive record
/newsletter_06-00.html,/archive/2000/newsletter-june-2000/,301,archive record
/newsletter_06-01.html,/archive/2001/newsletter-june-2001/,301,archive record
/newsletter_06-02.html,/archive/2002/newsletter-june-2002/,301,archive record
/newsletter_06-03.html,/archive/2003/newsletter-june-2003/,301,archive record
/newsletter_06-04.html,/archive/2004/newsletter-june-2004/,301,archive record
/newsletter_06-05.html,/archive/2005/newsletter-june-2005/,301,archive record
/newsletter_06-06.html,/archive/2006/newsletter-june-2006/,301,archive record
/newsletter_06-07.html,/archive/2007/newsletter-june-2007/,301,archive record
/newsletter_06-08.html,/archive/2008/newsletter-june-2008/,301,archive record
/newsletter_06-09.html,/archive/2009/newsletter-june-2009/,301,archive record
/newsletter_06-15.html,/archive/2015/meeting-minutes-june-2015/,301,archive record
/newsletter_06-17.pdf,/archive/2017/meeting-minutes-june-2017/,301,archive record
/newsletter_06-18.pdf,/archive/2018/meeting-minutes-june-2018/,301,archive record
/newsletter_06-19.pdf,/archive/2019/meeting-minutes-june-2019/,301,archive record
/newsletter_06-22.pdf,/archive/2022/meeting-minutes-june-2022/,301,archive record
/newsletter_06-23.pdf,/archive/2023/meeting-minutes-june-2023/,301,archive record
/newsletter_06-98.html,/archive/1998/newsletter-june-1998/,301,archive record
/newsletter_06-99.html,/archive/1999/newsletter-june-1999/,301,archive record
/newsletter_07-00.html,/archive/2000/newsletter-july-2000/,301,archive record
/newsletter_07-01.html,/archive/2001/newsletter-july-2001/,301,archive record
/newsletter_07-02.html,/archive/2002/newsletter-july-2002/,301,archive record
/newsletter_07-03.html,/archive/2003/newsletter-july-2003/,301,archive record
/newsletter_07-04.html,/archive/2004/newsletter-july-2004/,301,archive record
/newsletter_07-05.html,/archive/2005/newsletter-july-2005/,301,archive record
/newsletter_07-07.html,/archive/2007/newsletter-july-2007/,301,archive record
/newsletter_07-09.html,/archive/2009/newsletter-july-2009/,301,archive record
/newsletter_07-10.pdf,/wp-content/uploads/2026/09/newsletter-07-10.pdf,301,file in the media library
/newsletter_07-15.html,/archive/2015/meeting-minutes-july-2015/,301,archive record
/newsletter_07-17.pdf,/wp-content/uploads/2026/09/newsletter-07-17.pdf,301,file in the media library
/newsletter_07-18.pdf,/archive/2018/meeting-minutes-july-2018/,301,archive record
/newsletter_07-19.pdf,/wp-content/uploads/2026/09/newsletter-07-19.pdf,301,file in the media library
/newsletter_07-20.pdf,/archive/2020/meeting-minutes-july-2020/,301,archive record
/newsletter_07-21.pdf,/archive/2021/newsletter-july-2021/,301,archive record
/newsletter_07-22.pdf,/archive/2022/meeting-minutes-july-2022/,301,archive record
/newsletter_07-98.html,/archive/1998/newsletter-july-1998/,301,archive record
/newsletter_07-99.html,/archive/1999/newsletter-july-1999/,301,archive record
/newsletter_08-00.html,/archive/2000/newsletter-august-2000/,301,archive record
/newsletter_08-01.html,/archive/2001/newsletter-august-2001/,301,archive record
/newsletter_08-02.html,/archive/2002/newsletter-august-2002/,301,archive record
/newsletter_08-03.html,/archive/2003/newsletter-august-2003/,301,archive record
/newsletter_08-04.html,/archive/2004/newsletter-august-2004/,301,archive record
/newsletter_08-05.html,/archive/2005/newsletter-august-2005/,301,archive record
/newsletter_08-06.html,/archive/2006/newsletter-august-2006/,301,archive record
/newsletter_08-07.html,/archive/2007/newsletter-august-2007/,301,archive record
/newsletter_08-08.html,/archive/2008/newsletter-august-2008/,301,archive record
/newsletter_08-09.html,/archive/2009/newsletter-august-2009/,301,archive record
/newsletter_08-10.pdf,/wp-content/uploads/2026/09/newsletter-08-10.pdf,301,file in the media library
/newsletter_08-17.pdf,/archive/2017/meeting-minutes-august-2017/,301,archive record
/newsletter_08-18.pdf,/archive/2018/meeting-minutes-august-2018/,301,archive record
/newsletter_08-19.pdf,/archive/2019/meeting-minutes-august-2019/,301,archive record
/newsletter_08-20.pdf,/archive/2020/meeting-minutes-august-2020/,301,archive record
/newsletter_08-21.pdf,/archive/2021/newsletter-august-2021/,301,archive record
/newsletter_08-22.pdf,/archive/2022/meeting-minutes-august-2022/,301,archive record
/newsletter_08-23.pdf,/archive/2023/meeting-minutes-august-2023/,301,archive record
/newsletter_08-98.html,/archive/1998/newsletter-august-1998/,301,archive record
/newsletter_08-99.html,/archive/1999/newsletter-august-1999/,301,archive record
/newsletter_09-00.html,/archive/2000/newsletter-september-2000/,301,archive record
/newsletter_09-01.html,/archive/2001/newsletter-september-2001/,301,archive record
/newsletter_09-03.html,/archive/2003/newsletter-september-2003/,301,archive record
/newsletter_09-13.pdf,/wp-content/uploads/2026/09/newsletter-09-13.pdf,301,file in the media library
/newsletter_09-15.html,/archive/2015/meeting-minutes-september-2015/,301,archive record
/newsletter_09-17.pdf,/archive/2017/meeting-minutes-september-2017/,301,archive record
/newsletter_09-18.pdf,/archive/2018/meeting-minutes-september-2018/,301,archive record
/newsletter_09-19.pdf,/archive/2019/meeting-minutes-september-2019/,301,archive record
/newsletter_09-20.pdf,/archive/2020/meeting-minutes-september-2020/,301,archive record
/newsletter_09-22.pdf,/wp-content/uploads/2026/09/newsletter-09-22.pdf,301,file in the media library
/newsletter_09-23.pdf,/archive/2023/meeting-minutes-september-2023/,301,archive record
/newsletter_09-98.html,/archive/1998/newsletter-september-1998/,301,archive record
/newsletter_09-99.html,/archive/1999/newsletter-september-1999/,301,archive record
/newsletter_10-00.html,/archive/2000/newsletter-october-2000/,301,archive record
/newsletter_10-01.html,/archive/2001/newsletter-october-2001/,301,archive record
/newsletter_10-02.html,/archive/2002/newsletter-october-2002/,301,archive record
/newsletter_10-04.html,/archive/2004/newsletter-october-2004/,301,archive record
/newsletter_10-05.html,/archive/2005/newsletter-october-2005/,301,archive record
/newsletter_10-06.html,/archive/2006/newsletter-october-2006/,301,archive record
/newsletter_10-07.html,/archive/2007/newsletter-october-2007/,301,archive record
/newsletter_10-08.html,/archive/2008/newsletter-october-2008/,301,archive record
/newsletter_10-10.pdf,/wp-content/uploads/2026/09/newsletter-10-10.pdf,301,file in the media library
/newsletter_10-15.pdf,/wp-content/uploads/2026/09/newsletter-10-15.pdf,301,file in the media library
/newsletter_10-17.pdf,/archive/2017/meeting-minutes-october-2017/,301,archive record
/newsletter_10-18.pdf,/archive/2018/meeting-minutes-october-2018/,301,archive record
/newsletter_10-19.pdf,/archive/2019/meeting-minutes-october-2019/,301,archive record
/newsletter_10-20.pdf,/archive/2020/meeting-minutes-october-2020/,301,archive record
/newsletter_10-21.pdf,/archive/2021/meeting-minutes-october-2021/,301,archive record
/newsletter_10-23.pdf,/archive/2023/meeting-minutes-october-2023/,301,archive record
/newsletter_10-98.html,/archive/1998/newsletter-october-1998/,301,archive record
/newsletter_10-99.html,/archive/1999/newsletter-october-1999/,301,archive record
/newsletter_11-00.html,/archive/2000/newsletter-november-2000/,301,archive record
/newsletter_11-01.html,/archive/2001/newsletter-november-2001/,301,archive record
/newsletter_11-02.html,/archive/2002/newsletter-november-2002/,301,archive record
/newsletter_11-03.html,/archive/2003/newsletter-november-2003/,301,archive record
/newsletter_11-04.html,/archive/2004/newsletter-november-2004/,301,archive record
/newsletter_11-05.html,/archive/2005/newsletter-november-2005/,301,archive record
/newsletter_11-06.html,/archive/2006/newsletter-november-2006/,301,archive record
/newsletter_11-07.html,/archive/2007/newsletter-november-2007/,301,archive record
/newsletter_11-08.html,/archive/2008/newsletter-november-2008/,301,archive record
/newsletter_11-09.pdf,/wp-content/uploads/2026/09/newsletter-11-09.pdf,301,file in the media library
/newsletter_11-13.pdf,/archive/2013/meeting-minutes-november-2013/,301,archive record
/newsletter_11-15.pdf,/wp-content/uploads/2026/09/newsletter-11-15.pdf,301,file in the media library
/newsletter_11-17.pdf,/archive/2017/meeting-minutes-november-2017/,301,archive record
/newsletter_11-18.pdf,/wp-content/uploads/2026/09/newsletter-11-18.pdf,301,file in the media library
/newsletter_11-19.pdf,/archive/2019/meeting-minutes-november-2019/,301,archive record
/newsletter_11-20.pdf,/archive/2020/meeting-minutes-november-2020/,301,archive record
/newsletter_11-21.pdf,/archive/2021/meeting-minutes-november-2021/,301,archive record
/newsletter_11-23.pdf,/wp-content/uploads/2026/09/newsletter-11-23.pdf,301,file in the media library
/newsletter_11-98.html,/archive/1998/newsletter-november-1998/,301,archive record
/newsletter_11-99.html,/archive/1999/newsletter-november-1999/,301,archive record
/newsletter_12-07.html,/archive/2007/newsletter-december-2007/,301,archive record
/newsletter_12-10.pdf,/wp-content/uploads/2026/09/newsletter-12-10.pdf,301,file in the media library
/newsletter_12-15.pdf,/wp-content/uploads/2026/09/newsletter-12-15.pdf,301,file in the media library
/newsletter_12-16.pdf,/archive/2016/meeting-minutes-december-2016/,301,archive record
/newsletter_12-21.pdf,/archive/2021/meeting-minutes-december-2021/,301,archive record
/newsletters.html,/archive/,301,page
/newsmyron.gif,,410,1997 site furniture
/newsnorm.gif,,410,1997 site furniture
/newspreslady.gif,,410,1997 site furniture
/newssafe.gif,,410,1997 site furniture
/newssecretary.gif,,410,1997 site furniture
/photo_Field_Day_2023.jpg,/wp-content/uploads/2026/09/photo-field-day-2023.jpg,301,file in the media library
/photo_Jason-Johnson-Glen-Rubash-Award.jpg,/wp-content/uploads/2026/09/photo-jason-johnson-glen-rubash-award.jpg,301,file in the media library
/photo_Jason-Johnson-Glen-Rubash-Award_400.jpg,/wp-content/uploads/2026/09/photo-jason-johnson-glen-rubash-award-400.jpg,301,file in the media library
/photo_POTA_9-2023.jpg,/wp-content/uploads/2026/09/photo-pota-9-2023.jpg,301,file in the media library
/photo_RMS_Queen_Mary.html,/events/rms-queen-mary/,301,page
/photo_RMS_Queen_Mary.jpg,/wp-content/uploads/2026/09/photo-rms-queen-mary.jpg,301,file in the media library
/photo_Ride4Red_9-2012.jpg,/wp-content/uploads/2026/09/photo-ride4red-9-2012.jpg,301,file in the media library
/photo_fall-fox-hunt-9-2022.jpg,/wp-content/uploads/2026/09/photo-fall-fox-hunt-9-2022.jpg,301,file in the media library
/photo_ride_for_red.html,/events/ride-for-red/,301,page
/picnic.jpg,/wp-content/uploads/2026/09/picnic.jpg,301,file in the media library
/program_johnson.jpg,/wp-content/uploads/2026/09/program-johnson.jpg,301,file in the media library
/repeater.html,/on-the-air/,301,page
/repeater_1-2020_4032.jpg,/wp-content/uploads/2026/09/repeater-1-2020-4032.jpg,301,file in the media library
/repeater_1-2020_600.jpg,/wp-content/uploads/2026/09/repeater-1-2020-600.jpg,301,file in the media library
/repeaterbanner.jpg,/wp-content/uploads/2026/09/repeaterbanner.jpg,301,file in the media library
/silentkey.html,/silent-keys/,301,page
/silentkey_Anthony_Schneweis.jpg,/wp-content/uploads/2026/09/silentkey-anthony-schneweis.jpg,301,file in the media library
/silentkey_Arnold.jpg,/wp-content/uploads/2026/09/silentkey-arnold.jpg,301,file in the media library
/silentkey_Bob_Bartholic.jpg,/wp-content/uploads/2026/09/silentkey-bob-bartholic.jpg,301,file in the media library
/silentkey_Cleve.jpg,/wp-content/uploads/2026/09/silentkey-cleve.jpg,301,file in the media library
/silentkey_Don_Dodge.jpg,/wp-content/uploads/2026/09/silentkey-don-dodge.jpg,301,file in the media library
/silentkey_Don_Dodge_larger.jpg,/wp-content/uploads/2026/09/silentkey-don-dodge-larger.jpg,301,file in the media library
/silentkey_Don_Eichem.jpg,/wp-content/uploads/2026/09/silentkey-don-eichem.jpg,301,file in the media library
/silentkey_Dona-Rose_Hackerott.jpg,/wp-content/uploads/2026/09/silentkey-dona-rose-hackerott.jpg,301,file in the media library
/silentkey_Dona-Rose_Hackerott_large.jpg,/wp-content/uploads/2026/09/silentkey-dona-rose-hackerott-large.jpg,301,file in the media library
/silentkey_Eldon_Turnbow.jpg,/wp-content/uploads/2026/09/silentkey-eldon-turnbow.jpg,301,file in the media library
/silentkey_Francis_Sable.jpg,/wp-content/uploads/2026/09/silentkey-francis-sable.jpg,301,file in the media library
/silentkey_Fred Dona-Rose_Hackerott.jpg,/wp-content/uploads/2026/09/silentkey-fred-dona-rose-hackerott.jpg,301,file in the media library
/silentkey_Fred.jpg,/wp-content/uploads/2026/09/silentkey-fred.jpg,301,file in the media library
/silentkey_Fred_Hackerott.jpg,/wp-content/uploads/2026/09/silentkey-fred-hackerott.jpg,301,file in the media library
/silentkey_Lyle_Dixon.jpg,/wp-content/uploads/2026/09/silentkey-lyle-dixon.jpg,301,file in the media library
/silentkey_Nadine_Stueve.jpg,/wp-content/uploads/2026/09/silentkey-nadine-stueve.jpg,301,file in the media library
/silentkey_Norm.jpg,/wp-content/uploads/2026/09/silentkey-norm.jpg,301,file in the media library
/silentkey_Warren_Ford.jpg,/wp-content/uploads/2026/09/silentkey-warren-ford.jpg,301,file in the media library
/spacebar.gif,,410,1997 site furniture
/top.gif,,410,1997 site furniture
/tower.pdf,/archive/gaps/,301,third-party: not ours to republish
/treasurer_01-20.pdf,/archive/2020/treasurers-report-january-2020/,301,archive record
/treasurer_01-21.pdf,/archive/2021/treasurers-report-january-2021/,301,archive record
/treasurer_01-22.pdf,/archive/2022/treasurers-report-january-2022/,301,archive record
/treasurer_01-23.pdf,/archive/2023/treasurers-report-january-2023/,301,archive record
/treasurer_02-20.pdf,/archive/2020/treasurers-report-february-2020/,301,archive record
/treasurer_02-21.pdf,/archive/2021/treasurers-report-february-2021/,301,archive record
/treasurer_02-22.pdf,/archive/2022/treasurers-report-february-2022/,301,archive record
/treasurer_02-23.pdf,/archive/2023/treasurers-report-february-2023/,301,archive record
/treasurer_03-20.pdf,/archive/2020/treasurers-report-march-2020/,301,archive record
/treasurer_03-22.pdf,/archive/2022/treasurers-report-march-2022/,301,archive record
/treasurer_03-23.pdf,/archive/2023/treasurers-report-march-2023/,301,archive record
/treasurer_04-20.pdf,/archive/2020/treasurers-report-april-2020/,301,archive record
/treasurer_04-21.pdf,/archive/2021/treasurers-report-april-2021/,301,archive record
/treasurer_04-22.pdf,/archive/2022/treasurers-report-april-2022/,301,archive record
/treasurer_04-23.pdf,/archive/2023/treasurers-report-april-2023/,301,archive record
/treasurer_05-20.pdf,/archive/2020/treasurers-report-may-2020/,301,archive record
/treasurer_05-21.pdf,/archive/2021/treasurers-report-may-2021/,301,archive record
/treasurer_05-22.pdf,/archive/2022/treasurers-report-may-2022/,301,archive record
/treasurer_05-23.pdf,/archive/2023/treasurers-report-may-2023/,301,archive record
/treasurer_06-20.pdf,/archive/2020/treasurers-report-june-2020/,301,archive record
/treasurer_06-21.pdf,/archive/2021/treasurers-report-june-2021/,301,archive record
/treasurer_06-22.pdf,/archive/2022/treasurers-report-june-2022/,301,archive record
/treasurer_06-23.pdf,/archive/2023/treasurers-report-june-2023/,301,archive record
/treasurer_07-20.pdf,/archive/2020/treasurers-report-july-2020/,301,archive record
/treasurer_07-21.pdf,/archive/2021/treasurers-report-july-2021/,301,archive record
/treasurer_07-22.pdf,/archive/2022/treasurers-report-july-2022/,301,archive record
/treasurer_07-23.pdf,/archive/2023/treasurers-report-july-2023/,301,archive record
/treasurer_08-20.pdf,/archive/2020/treasurers-report-august-2020/,301,archive record
/treasurer_08-21.pdf,/archive/2021/treasurers-report-august-2021/,301,archive record
/treasurer_08-22.pdf,/archive/2022/treasurers-report-august-2022/,301,archive record
/treasurer_08-23.pdf,/archive/2023/treasurers-report-august-2023/,301,archive record
/treasurer_09-20.pdf,/archive/2020/treasurers-report-september-2020/,301,archive record
/treasurer_09-21.pdf,/archive/2021/treasurers-report-september-2021/,301,archive record
/treasurer_09-22.pdf,/archive/2022/treasurers-report-september-2022/,301,archive record
/treasurer_09-23.pdf,/archive/2023/treasurers-report-september-2023/,301,archive record
/treasurer_10-19.pdf,/archive/2019/treasurers-report-october-2019/,301,archive record
/treasurer_10-20.pdf,/archive/2020/treasurers-report-october-2020/,301,archive record
/treasurer_10-21.pdf,/archive/2021/treasurers-report-october-2021/,301,archive record
/treasurer_10-22.pdf,/archive/2022/treasurers-report-october-2022/,301,archive record
/treasurer_11-19.pdf,/archive/2019/treasurers-report-november-2019/,301,archive record
/treasurer_11-20.pdf,/archive/2020/treasurers-report-november-2020/,301,archive record
/treasurer_11-21.pdf,/archive/2021/treasurers-report-november-2021/,301,archive record
/treasurer_11-22.pdf,/archive/2022/treasurers-report-november-2022/,301,archive record
/treasurer_11-23.pdf,/archive/2023/treasurers-report-november-2023/,301,archive record
/treasurer_12-19.pdf,/archive/2019/treasurers-report-december-2019/,301,archive record
/treasurer_12-20.pdf,/archive/2020/treasurers-report-december-2020/,301,archive record
/treasurer_12-21.pdf,/archive/2021/treasurers-report-december-2021/,301,archive record
/treasurer_12-22.pdf,/archive/2022/treasurers-report-december-2022/,301,archive record
/treasurer_12-23.pdf,/archive/2023/treasurers-report-december-2023/,301,archive record
/warn.html,/storm-spotting/,301,page
/warn.pdf,/wp-content/uploads/2026/09/warn.pdf,301,file in the media library
/warn_Jan.-Mar._2020.pdf,/wp-content/uploads/2026/09/warn-jan-mar-2020.pdf,301,file in the media library
/warnmap.jpg,/wp-content/uploads/2026/09/warnmap.jpg,301,file in the media library
